{
    "config": {
        "start_pool": "wabworldgen:enchanting_room",
        "size": 7
    },
    "biomes": "#wabworldgen:has_structure/enchanting_room",
    "adapt_noise": true,
    "spawn_overrides": {
        "monster": {
            "bounding_box": "full",
            "spawns": [
                {
                    "type": "minecraft:witch",
                    "weight": 1,
                    "minCount": 1,
                    "maxCount": 3
                }
            ]
        }
    },
    "type": "minecraft:pillager_outpost"
}